{
  "version": 1,
  "author": "Anonymous maker",
  "editor": "wokwi",
  "parts": [
    { "type": "wokwi-arduino-mega", "id": "mega", "top": 0, "left": 0, "attrs": {} },
    {
      "type": "wokwi-dht22",
      "id": "dht1",
      "top": -215.72,
      "left": -57.19,
      "attrs": { "temperature": "80", "humidity": "9.5" }
    },
    {
      "type": "wokwi-servo",
      "id": "servo1",
      "top": -179.6,
      "left": -275.6,
      "rotate": 180,
      "attrs": {}
    },
    {
      "type": "wokwi-dht22",
      "id": "dht2",
      "top": 285.13,
      "left": -55.44,
      "rotate": 180,
      "attrs": { "temperature": "57.3", "humidity": "17" }
    },
    {
      "type": "wokwi-servo",
      "id": "servo2",
      "top": 204.4,
      "left": -275.6,
      "rotate": 180,
      "attrs": {}
    },
    {
      "type": "wokwi-servo",
      "id": "servo3",
      "top": -179.6,
      "left": 406,
      "rotate": 180,
      "attrs": {}
    },
    {
      "type": "wokwi-servo",
      "id": "servo4",
      "top": 214,
      "left": 396.4,
      "rotate": 180,
      "attrs": {}
    },
    {
      "type": "wokwi-dht22",
      "id": "dht3",
      "top": -216.32,
      "left": 626.55,
      "attrs": { "temperature": "52.2", "humidity": "24.5" }
    },
    {
      "type": "wokwi-dht22",
      "id": "dht4",
      "top": 258.62,
      "left": 625.15,
      "rotate": 180,
      "attrs": { "temperature": "80", "humidity": "9.5" }
    },
    {
      "type": "wokwi-photoresistor-sensor",
      "id": "ldr1",
      "top": 275.35,
      "left": 87.51,
      "attrs": {}
    },
    {
      "type": "wokwi-lcd1602",
      "id": "lcd2",
      "top": -243.02,
      "left": 65.5,
      "attrs": { "pins": "i2c" }
    }
  ],
  "connections": [
    [ "ldr1:AO", "mega:A7", "green", [ "h0" ] ],
    [ "dht2:SDA", "mega:50", "green", [ "v0" ] ],
    [ "servo2:GND", "mega:GND.2", "black", [ "h28.69", "v-64.63", "h227.15" ] ],
    [ "servo1:GND", "mega:GND.1", "black", [ "h-0.32", "v98.23", "h162.1" ] ],
    [ "dht1:GND", "mega:GND.1", "black", [ "v93.4", "h135.23" ] ],
    [ "servo2:V+", "mega:5V", "red", [ "h17.79", "v-66.87", "h256.83" ] ],
    [ "ldr1:VCC", "mega:5V", "red", [ "h0.12", "v-90.11", "h-91.39" ] ],
    [ "dht2:VCC", "mega:5V", "red", [ "v-88.63", "h0.2" ] ],
    [ "servo1:V+", "mega:5V.2", "red", [ "h14.9", "v98.89", "h463.94" ] ],
    [ "dht1:VCC", "mega:5V.2", "red", [ "v84.61", "h428.13" ] ],
    [ "dht3:VCC", "mega:5V.2", "red", [ "v85.21", "h-262.21" ] ],
    [ "servo3:V+", "mega:5V.2", "red", [ "h18.22", "v96.69", "h-222.08" ] ],
    [ "servo3:GND", "mega:GND.1", "black", [ "h8.32", "v100.38", "h-467.24" ] ],
    [ "dht3:GND", "mega:GND.1", "black", [ "v94", "h-554.17" ] ],
    [ "servo4:V+", "mega:5V", "red", [ "h8.9", "v-75.51", "h-408.3" ] ],
    [ "dht4:VCC", "mega:5V", "red", [ "v-63.15", "h-764.9" ] ],
    [ "ldr1:GND", "mega:GND.2", "black", [ "h6.96", "v-88.01", "h-90.23" ] ],
    [ "dht2:GND", "mega:GND.2", "black", [ "v-76.92", "h2.26" ] ],
    [ "lcd2:GND", "mega:GND.1", "black", [ "h-50.23", "v201.4", "h100.37" ] ],
    [ "lcd2:VCC", "mega:5V.2", "red", [ "h-33.7", "v183.04", "h332.39" ] ],
    [ "lcd2:SDA", "mega:20", "green", [ "h-26.04", "v164.46", "h285.19" ] ],
    [ "lcd2:SCL", "mega:21", "green", [ "h-16.9", "v147.64", "h283.36" ] ],
    [ "servo3:PWM", "mega:4", "green", [ "h32.41", "v68.04", "h-387.07" ] ],
    [ "dht1:SDA", "mega:5", "green", [ "v44.66", "h243.26" ] ],
    [ "servo1:PWM", "mega:7", "green", [ "h24.21", "v77.28", "h275.72" ] ],
    [ "servo2:PWM", "mega:13", "green", [ "h6.1", "v-68.22", "h67.06", "v-49.25", "h155.57" ] ],
    [ "servo4:PWM", "mega:46", "green", [ "h-4.84", "v-75.2", "h-169.15", "v-59.84" ] ],
    [ "dht4:SDA", "mega:45", "green", [ "v-81.13", "h-260.29", "v-59.84" ] ],
    [ "dht3:SDA", "mega:25", "green", [ "v101.36", "h-266.88", "v23.63" ] ],
    [ "servo4:GND", "mega:GND.2", "black", [ "h28.34", "v-72.77", "h-707.6" ] ],
    [ "dht4:GND", "mega:GND.2", "black", [ "v-51.8", "h-767.7" ] ]
  ]
}